i;HALL_A;HALL_B;COIL_A;COIL_B
0.000000;-12756;2180;-380;14054
0.001000;-12762;2128;-304;14062
0.002000;-12764;2084;-224;14066
0.003000;-12772;2028;-152;14074
0.004000;-12778;1984;-82;14076
0.005000;-12780;1932;-2;14080
0.006000;-12788;1886;78;14086
0.007000;-12788;1834;156;14092
0.008000;-12796;1790;232;14090
0.009000;-12798;1744;306;14094
0.010000;-12804;1688;376;14096
0.011000;-12808;1638;454;14096
0.012000;-12814;1588;534;14098
0.013000;-12818;1540;606;14098
0.014000;-12822;1488;678;14098
0.015000;-12824;1440;754;14098
0.016000;-12828;1388;832;14098
0.017000;-12832;1336;912;14094
0.018000;-12832;1286;990;14092
0.019000;-12834;1236;1066;14090
0.020000;-12840;1182;1138;14084
0.021000;-12842;1132;1216;14082
0.022000;-12840;1080;1290;14080
0.023000;-12844;1028;1370;14074
0.024000;-12844;978;1442;14072
0.025000;-12848;922;1518;14066
0.026000;-12848;874;1594;14060
0.027000;-12854;824;1674;14052
0.028000;-12852;776;1744;14048
0.029000;-12852;718;1812;14040
0.030000;-12852;670;1886;14030
0.031000;-12854;616;1966;14022
0.032000;-12854;564;2040;14014
0.033000;-12848;510;2116;14000
0.034000;-12850;462;2188;13992
0.035000;-12852;408;2266;13982
0.036000;-12852;354;2338;13970
0.037000;-12846;300;2418;13962
0.038000;-12854;248;2496;13948
0.039000;-12846;196;2564;13936
0.040000;-12846;142;2640;13922
0.041000;-12844;88;2716;13910
0.042000;-12844;36;2794;13892
0.043000;-12842;-14;2864;13882
0.044000;-12836;-128;2998;13850
0.045000;-12834;-136;3012;13848
0.046000;-12830;-182;3068;13838
0.047000;-12828;-230;3142;13818
0.048000;-12826;-290;3212;13802
0.049000;-12820;-342;3290;13786
0.050000;-12818;-396;3364;13768
0.051000;-12814;-448;3434;13750
0.052000;-12812;-504;3518;13724
0.053000;-12806;-556;3592;13708
0.054000;-12802;-610;3664;13688
0.055000;-12798;-664;3736;13672
0.056000;-12798;-720;3814;13652
0.057000;-12788;-774;3884;13634
0.058000;-12776;-886;4032;13590
0.059000;-12770;-930;4086;13574
0.060000;-12764;-942;4100;13570
0.061000;-12758;-1004;4176;13542
0.062000;-12750;-1050;4242;13524
0.063000;-12744;-1106;4314;13498
0.064000;-12738;-1160;4384;13476
0.065000;-12730;-1218;4456;13448
0.066000;-12722;-1278;4538;13422
0.067000;-12712;-1328;4606;13398
0.068000;-12704;-1386;4680;13370
0.069000;-12690;-1500;4822;13316
0.070000;-12684;-1542;4874;13298
0.071000;-12676;-1558;4896;13290
0.072000;-12668;-1608;4960;13268
0.073000;-12656;-1664;5024;13236
0.074000;-12648;-1724;5096;13206
0.075000;-12636;-1778;5164;13178
0.076000;-12628;-1830;5238;13146
0.077000;-12612;-1886;5312;13116
0.078000;-12604;-1942;5378;13086
0.079000;-12590;-1994;5448;13058
0.080000;-12564;-2114;5596;12986
0.081000;-12556;-2152;5634;12968
0.082000;-12556;-2166;5648;12964
0.083000;-12542;-2224;5714;12930
0.084000;-12532;-2280;5784;12892
0.085000;-12510;-2334;5848;12862
0.086000;-12502;-2394;5918;12826
0.087000;-12486;-2450;5992;12790
0.088000;-12478;-2510;6056;12758
0.089000;-12462;-2566;6126;12718
0.090000;-12444;-2622;6192;12682
0.091000;-12416;-2742;6324;12614
0.092000;-12396;-2792;6378;12588
0.093000;-12400;-2792;6386;12584
0.094000;-12384;-2850;6454;12546
0.095000;-12368;-2910;6522;12506
0.096000;-12346;-2964;6592;12466
0.097000;-12332;-3026;6662;12424
0.098000;-12312;-3082;6724;12386
0.099000;-12296;-3138;6794;12348
0.100000;-12278;-3200;6862;12302
0.101000;-12256;-3262;6932;12262
0.102000;-12226;-3376;7052;12186
0.103000;-12218;-3382;7062;12178
0.104000;-12202;-3432;7114;12146
0.105000;-12186;-3486;7176;12102
0.106000;-12166;-3548;7236;12058
0.107000;-12142;-3606;7290;12010
0.108000;-12124;-3662;7356;11966
0.109000;-12104;-3722;7420;11928
0.110000;-12082;-3782;7488;11882
0.111000;-12054;-3842;7558;11830
0.112000;-12038;-3896;7612;11790
0.113000;-12012;-3968;7696;11732
0.114000;-11994;-4016;7738;11702
0.115000;-11970;-4074;7794;11658
0.116000;-11952;-4134;7860;11610
0.117000;-11924;-4188;7922;11562
0.118000;-11898;-4248;7984;11512
0.119000;-11876;-4304;8044;11466
0.120000;-11850;-4368;8106;11414
0.121000;-11820;-4430;8168;11360
0.122000;-11798;-4484;8220;11316
0.123000;-11774;-4540;8274;11266
0.124000;-11722;-4658;8394;11168
0.125000;-11702;-4710;8432;11132
0.126000;-11692;-4718;8440;11122
0.127000;-11666;-4774;8500;11070
0.128000;-11636;-4832;8560;11018
0.129000;-11606;-4892;8622;10966
0.130000;-11578;-4952;8678;10916
0.131000;-11548;-5016;8738;10854
0.132000;-11518;-5070;8788;10808
0.133000;-11488;-5134;8842;10754
0.134000;-11462;-5188;8898;10704
0.135000;-11398;-5308;9006;10602
0.136000;-11366;-5358;9048;10558
0.137000;-11364;-5366;9056;10550
0.138000;-11330;-5422;9110;10496
0.139000;-11300;-5480;9166;10446
0.140000;-11268;-5540;9222;10384
0.141000;-11236;-5598;9270;10328
0.142000;-11196;-5658;9320;10272
0.143000;-11164;-5714;9378;10222
0.144000;-11132;-5774;9426;10166
0.145000;-11094;-5830;9474;10104
0.146000;-11024;-5950;9574;9990
0.147000;-11000;-6000;9614;9946
0.148000;-10992;-6008;9620;9936
0.149000;-10956;-6068;9674;9874
0.150000;-10916;-6126;9726;9812
0.151000;-10882;-6184;9776;9750
0.152000;-10838;-6240;9824;9690
0.153000;-10800;-6302;9874;9632
0.154000;-10758;-6360;9926;9574
0.155000;-10724;-6414;9976;9512
0.156000;-10684;-6474;10022;9452
0.157000;-10602;-6590;10110;9330
0.158000;-10592;-6602;10118;9320
0.159000;-10564;-6646;10160;9274
0.160000;-10518;-6702;10204;9208
0.161000;-10478;-6760;10254;9140
0.162000;-10434;-6814;10292;9084
0.163000;-10390;-6872;10336;9018
0.164000;-10348;-6928;10382;8954
0.165000;-10302;-6984;10428;8892
0.166000;-10260;-7040;10470;8820
0.167000;-10216;-7098;10514;8766
0.168000;-10172;-7154;10558;8700
0.169000;-10128;-7208;10598;8634
0.170000;-10078;-7264;10642;8566
0.171000;-10038;-7324;10678;8498
0.172000;-9992;-7378;10720;8432
0.173000;-9946;-7432;10764;8368
0.174000;-9898;-7486;10806;8298
0.175000;-9850;-7542;10846;8234
0.176000;-9806;-7594;10888;8170
0.177000;-9754;-7652;10926;8102
0.178000;-9702;-7706;10958;8030
0.179000;-9654;-7756;11002;7966
0.180000;-9604;-7812;11038;7898
0.181000;-9552;-7866;11076;7830
0.182000;-9502;-7920;11110;7760
0.183000;-9454;-7972;11148;7692
0.184000;-9398;-8030;11182;7624
0.185000;-9352;-8078;11216;7554
0.186000;-9296;-8132;11256;7486
0.187000;-9246;-8186;11292;7414
0.188000;-9188;-8236;11326;7344
0.189000;-9136;-8288;11360;7278
0.190000;-9082;-8338;11394;7210
0.191000;-9026;-8392;11426;7138
0.192000;-8972;-8444;11462;7068
0.193000;-8918;-8494;11494;6998
0.194000;-8860;-8542;11524;6928
0.195000;-8804;-8590;11558;6858
0.196000;-8748;-8642;11586;6784
0.197000;-8690;-8688;11616;6718
0.198000;-8634;-8740;11650;6660
0.199000;-8578;-8788;11680;6590
0.200000;-8522;-8836;11708;6520
0.201000;-8460;-8886;11736;6442
0.202000;-8402;-8934;11760;6372
0.203000;-8344;-8978;11788;6300
0.204000;-8288;-9022;11816;6224
0.205000;-8224;-9068;11848;6150
0.206000;-8162;-9118;11872;6080
0.207000;-8104;-9164;11900;6004
0.208000;-7978;-9254;11948;5860
0.209000;-7922;-9302;11974;5796
0.210000;-7900;-9314;11980;5776
0.211000;-7858;-9350;11996;5728
0.212000;-7796;-9394;12018;5654
0.213000;-7732;-9436;12044;5578
0.214000;-7666;-9482;12062;5506
0.215000;-7604;-9526;12088;5436
0.216000;-7538;-9564;12110;5358
0.217000;-7478;-9610;12134;5290
0.218000;-7414;-9650;12154;5220
0.219000;-7350;-9692;12174;5144
0.220000;-7284;-9730;12196;5072
0.221000;-7216;-9774;12216;4992
0.222000;-7152;-9814;12236;4914
0.223000;-7088;-9858;12252;4838
0.224000;-7018;-9898;12270;4760
0.225000;-6954;-9940;12288;4678
0.226000;-6884;-9972;12308;4600
0.227000;-6818;-10010;12328;4526
0.228000;-6746;-10052;12344;4448
0.229000;-6680;-10088;12358;4372
0.230000;-6612;-10128;12374;4296
0.231000;-6544;-10160;12390;4212
0.232000;-6474;-10202;12406;4144
0.233000;-6410;-10236;12416;4070
0.234000;-6338;-10272;12432;3994
0.235000;-6266;-10310;12446;3914
0.236000;-6200;-10342;12458;3834
0.237000;-6130;-10374;12474;3756
0.238000;-6060;-10410;12476;3680
0.239000;-5988;-10440;12494;3606
0.240000;-5916;-10472;12504;3532
0.241000;-5844;-10504;12514;3452
0.242000;-5774;-10540;12524;3376
0.243000;-5702;-10566;12536;3296
0.244000;-5636;-10600;12542;3226
0.245000;-5562;-10628;12556;3146
0.246000;-5486;-10654;12564;3068
0.247000;-5418;-10688;12568;2992
0.248000;-5344;-10716;12576;2912
0.249000;-5272;-10740;12582;2834
0.250000;-5198;-10772;12592;2756
0.251000;-5120;-10798;12596;2680
0.252000;-5050;-10826;12598;2600
0.253000;-4978;-10846;12604;2524
0.254000;-4900;-10872;12608;2444
0.255000;-4830;-10900;12614;2364
0.256000;-4758;-10930;12616;2288
0.257000;-4678;-10950;12618;2208
0.258000;-4606;-10976;12620;2136
0.259000;-4532;-10998;12624;2066
0.260000;-4378;-11044;12622;1914
0.261000;-4304;-11066;12624;1842
0.262000;-4262;-11078;12630;1804
0.263000;-4228;-11088;12628;1768
0.264000;-4154;-11106;12628;1688
0.265000;-4078;-11128;12628;1606
0.266000;-4000;-11148;12624;1528
0.267000;-3924;-11168;12624;1446
0.268000;-3848;-11190;12622;1366
0.269000;-3770;-11204;12618;1292
0.270000;-3692;-11224;12616;1212
0.271000;-3616;-11238;12610;1132
0.272000;-3544;-11262;12608;1056
0.273000;-3466;-11270;12600;990
0.274000;-3390;-11292;12600;914
0.275000;-3312;-11304;12590;836
0.276000;-3234;-11326;12586;758
0.277000;-3154;-11334;12578;678
0.278000;-3078;-11348;12568;598
0.279000;-3002;-11364;12564;518
0.280000;-2924;-11378;12554;440
0.281000;-2844;-11392;12546;358
0.282000;-2772;-11404;12534;282
0.283000;-2694;-11416;12530;210
0.284000;-2618;-11424;12516;134
0.285000;-2542;-11440;12504;56
0.286000;-2464;-11450;12490;-16
0.287000;-2388;-11458;12486;-100
0.288000;-2310;-11470;12470;-176
0.289000;-2234;-11482;12462;-254
0.290000;-2160;-11490;12446;-332
0.291000;-2086;-11502;12434;-408
0.292000;-2002;-11512;12422;-480
0.293000;-1930;-11520;12406;-558
0.294000;-1854;-11524;12390;-632
0.295000;-1778;-11538;12376;-710
0.296000;-1704;-11542;12358;-788
0.297000;-1628;-11548;12344;-868
0.298000;-1548;-11550;12330;-942
0.299000;-1478;-11556;12316;-1020
0.300000;-1398;-11562;12296;-1092
0.301000;-1318;-11564;12286;-1174
0.302000;-1248;-11568;12264;-1246
0.303000;-1172;-11568;12244;-1322
0.304000;-1094;-11570;12222;-1394
0.305000;-1020;-11570;12206;-1470
0.306000;-938;-11572;12184;-1542
0.307000;-860;-11570;12166;-1622
0.308000;-788;-11572;12144;-1700
0.309000;-712;-11566;12122;-1772
0.310000;-632;-11564;12098;-1846
0.311000;-558;-11566;12072;-1924
0.312000;-480;-11558;12054;-2002
0.313000;-402;-11552;12032;-2074
0.314000;-324;-11554;12008;-2148
0.314999;-248;-11542;11984;-2222
0.315999;-172;-11538;11960;-2298
0.316999;-94;-11530;11930;-2372
0.317999;-14;-11524;11904;-2440
0.318999;64;-11514;11882;-2514
0.319999;140;-11506;11856;-2586
0.320999;222;-11500;11828;-2660
0.321999;298;-11488;11798;-2726
0.322999;372;-11480;11770;-2800
0.323999;452;-11466;11742;-2874
0.324999;530;-11454;11716;-2946
0.325999;606;-11446;11686;-3018
0.326999;684;-11436;11658;-3090
0.327999;760;-11418;11626;-3158
0.328999;834;-11404;11594;-3220
0.329999;914;-11390;11562;-3294
0.330999;992;-11376;11534;-3364
0.331999;1066;-11362;11502;-3436
0.332999;1150;-11346;11468;-3506
0.333999;1220;-11328;11436;-3578
0.334999;1298;-11306;11402;-3650
0.335999;1372;-11286;11366;-3720
0.336999;1450;-11272;11330;-3786
0.337999;1530;-11250;11298;-3852
0.338999;1606;-11226;11264;-3916
0.339999;1682;-11206;11226;-3984
0.340999;1760;-11180;11192;-4054
0.341999;1832;-11160;11158;-4124
0.342999;1910;-11132;11118;-4194
0.343999;1988;-11108;11082;-4264
0.344999;2062;-11088;11050;-4332
0.345999;2138;-11056;11014;-4400
0.346999;2208;-11032;10974;-4472
0.347999;2286;-11006;10936;-4538
0.348999;2362;-10980;10894;-4608
0.349999;2438;-10956;10856;-4674
0.350999;2512;-10924;10812;-4736
0.351999;2586;-10894;10774;-4800
0.352999;2662;-10860;10734;-4866
0.353999;2734;-10830;10694;-4932
0.354999;2814;-10798;10650;-5000
0.355999;2888;-10768;10608;-5064
0.356999;2956;-10732;10570;-5130
0.357999;3034;-10698;10530;-5194
0.358999;3106;-10662;10482;-5258
0.359999;3184;-10632;10442;-5324
0.360999;3256;-10588;10400;-5386
0.361999;3328;-10554;10350;-5446
0.362999;3400;-10518;10308;-5504
0.363999;3476;-10480;10262;-5564
0.364999;3548;-10438;10216;-5626
0.365999;3618;-10398;10172;-5688
0.366999;3690;-10358;10124;-5746
0.367999;3760;-10320;10076;-5808
0.368999;3832;-10274;10030;-5870
0.369999;3906;-10234;9986;-5934
0.370999;3970;-10188;9936;-5996
0.371999;4040;-10148;9890;-6058
0.372999;4112;-10098;9840;-6118
0.373999;4180;-10060;9792;-6174
0.374999;4246;-10014;9742;-6234
0.375999;4320;-9964;9692;-6296
0.376999;4386;-9922;9648;-6354
0.377999;4456;-9876;9598;-6410
0.378999;4526;-9824;9546;-6476
0.379999;4592;-9778;9496;-6530
0.380999;4662;-9722;9448;-6592
0.381999;4730;-9674;9402;-6646
0.382999;4792;-9622;9350;-6704
0.383999;4860;-9574;9300;-6756
0.384999;4926;-9522;9244;-6812
0.385999;4988;-9470;9190;-6868
0.386999;5054;-9418;9134;-6928
0.387999;5116;-9358;9084;-6980
0.388999;5180;-9308;9028;-7034
0.389999;5244;-9256;8968;-7088
0.390999;5308;-9200;8918;-7146
0.391998;5368;-9142;8862;-7196
0.392998;5430;-9084;8804;-7246
0.393998;5490;-9028;8748;-7298
0.394998;5558;-8964;8692;-7350
0.395998;5614;-8912;8638;-7402
0.396998;5672;-8852;8582;-7454
0.397998;5736;-8790;8520;-7512
0.398998;5794;-8734;8468;-7558
0.399998;5852;-8672;8406;-7612
0.400998;5910;-8614;8352;-7664
0.401998;5968;-8550;8290;-7712
0.402998;6022;-8490;8234;-7766
0.403998;6082;-8424;8174;-7810
0.404998;6140;-8364;8118;-7858
0.405998;6190;-8294;8054;-7906
0.406998;6246;-8234;7998;-7956
0.407998;6302;-8168;7934;-8002
0.408998;6356;-8106;7878;-8050
0.409998;6410;-8038;7816;-8098
0.410998;6458;-7974;7758;-8144
0.411998;6514;-7902;7700;-8194
0.412998;6566;-7838;7638;-8234
0.413998;6618;-7772;7576;-8278
0.414998;6666;-7700;7514;-8326
0.415998;6714;-7634;7450;-8370
0.416998;6768;-7556;7394;-8412
0.417998;6816;-7490;7334;-8460
0.418998;6860;-7420;7274;-8502
0.419998;6908;-7350;7208;-8546
0.420998;6950;-7280;7144;-8588
0.421998;6998;-7206;7080;-8628
0.422998;7048;-7138;7014;-8670
0.423998;7092;-7060;6950;-8706
0.424998;7134;-6990;6886;-8748
0.425998;7176;-6920;6816;-8788
0.426998;7222;-6848;6754;-8834
0.427998;7266;-6772;6686;-8870
0.428998;7300;-6702;6624;-8908
0.429998;7350;-6628;6556;-8950
0.430998;7388;-6554;6488;-8988
0.431998;7424;-6478;6422;-9024
0.432998;7466;-6404;6358;-9064
0.433998;7504;-6328;6288;-9098
0.434998;7542;-6252;6220;-9134
0.435998;7582;-6178;6154;-9174
0.436998;7614;-6098;6086;-9208
0.437998;7648;-6022;6020;-9240
0.438998;7684;-5950;5948;-9276
0.439998;7718;-5874;5882;-9314
0.440998;7756;-5794;5816;-9348
0.441998;7784;-5718;5748;-9378
0.442998;7822;-5640;5676;-9412
0.443998;7854;-5564;5608;-9440
0.444998;7884;-5486;5546;-9474
0.445998;7910;-5406;5478;-9506
0.446998;7942;-5328;5412;-9536
0.447998;7968;-5254;5340;-9564
0.448998;7998;-5174;5268;-9598
0.449998;8028;-5094;5196;-9628
0.450998;8056;-5016;5126;-9660
0.451998;8084;-4940;5056;-9686
0.452998;8108;-4862;4984;-9718
0.453998;8132;-4776;4916;-9744
0.454998;8156;-4698;4842;-9774
0.455998;8182;-4622;4774;-9798
0.456998;8204;-4540;4704;-9826
0.457998;8230;-4464;4630;-9854
0.458998;8248;-4382;4560;-9878
0.459998;8270;-4300;4490;-9904
0.460998;8294;-4214;4416;-9930
0.461998;8312;-4140;4354;-9952
0.462998;8332;-4054;4286;-9980
0.463998;8352;-3980;4210;-10004
0.464998;8368;-3896;4134;-10028
0.465998;8382;-3818;4060;-10052
0.466998;8402;-3736;3996;-10068
0.467998;8420;-3652;3922;-10094
0.468998;8432;-3568;3850;-10114
0.469997;8448;-3488;3774;-10136
0.470997;8456;-3408;3698;-10156
0.471997;8472;-3328;3630;-10174
0.472997;8486;-3242;3556;-10198
0.473997;8496;-3162;3484;-10216
0.474997;8510;-3082;3406;-10236
0.475997;8522;-3000;3332;-10252
0.476997;8534;-2918;3258;-10270
0.477997;8540;-2838;3180;-10286
0.478997;8548;-2752;3110;-10302
0.479997;8558;-2676;3036;-10320
0.480997;8568;-2594;2958;-10334
0.481997;8574;-2512;2886;-10346
0.482997;8580;-2426;2810;-10364
0.483997;8582;-2348;2736;-10376
0.484997;8590;-2270;2656;-10392
0.485997;8592;-2182;2582;-10406
0.486997;8596;-2098;2510;-10416
0.487997;8602;-2022;2430;-10432
0.488997;8600;-1936;2358;-10442
0.489997;8602;-1856;2280;-10454
0.490997;8610;-1774;2204;-10462
0.491997;8608;-1694;2136;-10474
0.492997;8606;-1614;2058;-10482
0.493997;8606;-1536;1982;-10492
0.494997;8606;-1454;1902;-10500
0.495997;8608;-1368;1840;-10508
0.496997;8606;-1290;1762;-10518
0.497997;8600;-1208;1688;-10524
0.498997;8594;-1128;1610;-10532
0.499997;8594;-1048;1532;-10540
0.500997;8588;-962;1454;-10540
0.501997;8584;-884;1382;-10548
0.502997;8578;-800;1306;-10554
0.503997;8570;-720;1230;-10560
0.504997;8562;-638;1154;-10562
0.505997;8556;-558;1078;-10566
0.506997;8542;-476;1006;-10570
0.507997;8538;-396;932;-10572
0.508997;8526;-314;860;-10572
0.509997;8518;-234;778;-10576
0.510997;8506;-160;706;-10578
0.511997;8496;-74;626;-10578
0.512997;8484;4;552;-10578
0.513997;8468;84;474;-10578
0.514997;8460;166;398;-10576
0.515997;8446;244;326;-10574
0.516997;8434;322;250;-10572
0.517997;8418;404;178;-10568
0.518997;8406;486;100;-10570
0.519997;8390;562;28;-10566
0.520997;8372;644;-52;-10560
0.521997;8352;726;-130;-10560
0.522997;8338;802;-208;-10552
0.523997;8318;882;-280;-10550
0.524997;8300;966;-358;-10542
0.525997;8288;1046;-426;-10538
0.526997;8262;1122;-500;-10528
0.527997;8246;1206;-580;-10520
0.528997;8226;1288;-658;-10518
0.529997;8202;1366;-732;-10506
0.530997;8180;1444;-808;-10498
0.531997;8160;1524;-882;-10488
0.532997;8140;1602;-954;-10480
0.533997;8116;1684;-1036;-10468
0.534997;8096;1760;-1110;-10454
0.535997;8072;1842;-1186;-10450
0.536997;8044;1926;-1260;-10436
0.537997;8020;2006;-1336;-10424
0.538997;7998;2086;-1408;-10412
0.539997;7970;2158;-1486;-10400
0.540997;7944;2242;-1554;-10388
0.541997;7922;2320;-1622;-10372
0.542997;7896;2396;-1694;-10356
0.543997;7866;2476;-1770;-10344
0.544997;7842;2552;-1848;-10328
0.545997;7814;2628;-1922;-10310
0.546997;7780;2712;-1990;-10294
0.547997;7750;2786;-2062;-10276
0.548997;7724;2868;-2136;-10258
0.549996;7690;2944;-2210;-10242
0.550996;7662;3024;-2286;-10226
0.551996;7634;3100;-2356;-10204
0.552996;7598;3180;-2428;-10184
0.553996;7566;3254;-2504;-10166
0.554996;7530;3334;-2578;-10142
0.555996;7498;3412;-2656;-10126
0.556996;7460;3484;-2726;-10100
0.557996;7426;3560;-2802;-10080
0.558996;7396;3636;-2876;-10060
0.559996;7354;3712;-2948;-10038
0.560996;7320;3790;-3024;-10012
0.561996;7282;3866;-3092;-9992
0.562996;7248;3936;-3166;-9968
0.563996;7210;4016;-3238;-9946
0.564996;7172;4090;-3314;-9920
0.565996;7134;4162;-3384;-9894
0.566996;7096;4236;-3454;-9868
0.567996;7056;4314;-3526;-9848
0.568996;7016;4382;-3600;-9816
0.569996;6978;4460;-3672;-9790
0.570996;6934;4530;-3742;-9758
0.571996;6894;4606;-3812;-9730
0.572996;6852;4672;-3884;-9700
0.573996;6806;4748;-3952;-9676
0.574996;6764;4822;-4022;-9648
0.575996;6722;4894;-4090;-9620
0.576996;6684;4962;-4164;-9590
0.577996;6632;5028;-4230;-9558
0.578996;6588;5106;-4300;-9526
0.579996;6542;5168;-4370;-9494
0.580996;6496;5238;-4438;-9464
0.581996;6450;5308;-4504;-9432
0.582996;6408;5380;-4576;-9402
0.583996;6358;5444;-4642;-9368
0.584996;6308;5516;-4712;-9334
0.585996;6262;5584;-4782;-9298
0.586996;6210;5650;-4846;-9260
0.587996;6166;5720;-4916;-9228
0.588996;6116;5782;-4980;-9192
0.589996;6064;5854;-5046;-9152
0.590996;6014;5918;-5116;-9116
0.591996;5962;5984;-5182;-9078
0.592996;5908;6056;-5250;-9038
0.593996;5862;6118;-5316;-9004
0.594996;5806;6184;-5380;-8964
0.595996;5754;6250;-5446;-8928
0.596996;5700;6310;-5504;-8890
0.597996;5648;6370;-5566;-8850
0.598996;5596;6434;-5632;-8810
0.599996;5544;6496;-5696;-8768
0.600996;5488;6560;-5762;-8728
0.601996;5430;6618;-5824;-8692
0.602996;5380;6684;-5890;-8652
0.603996;5322;6742;-5952;-8610
0.604996;5266;6804;-6018;-8570
0.605996;5206;6866;-6084;-8522
0.606996;5152;6926;-6138;-8480
0.607996;5098;6980;-6204;-8436
0.608996;5040;7042;-6266;-8392
0.609996;4980;7100;-6332;-8346
0.610996;4924;7160;-6390;-8302
0.611996;4866;7212;-6454;-8252
0.612996;4808;7274;-6516;-8212
0.613996;4750;7330;-6576;-8162
0.614996;4690;7382;-6636;-8120
0.615996;4630;7438;-6698;-8072
0.616996;4570;7492;-6754;-8024
0.617996;4514;7548;-6812;-7974
0.618996;4450;7604;-6874;-7930
0.619996;4390;7658;-6930;-7880
0.620996;4328;7710;-6988;-7832
0.621996;4266;7762;-7046;-7782
0.622996;4206;7814;-7106;-7738
0.623996;4144;7866;-7166;-7694
0.624996;4082;7918;-7222;-7640
0.625996;4016;7970;-7282;-7588
0.626996;3954;8022;-7340;-7542
0.627995;3892;8068;-7400;-7490
0.628995;3830;8120;-7454;-7436
0.629995;3762;8170;-7510;-7382
0.630995;3700;8214;-7570;-7330
0.631995;3636;8264;-7624;-7276
0.632995;3574;8310;-7676;-7222
0.633995;3506;8360;-7736;-7174
0.634995;3444;8400;-7788;-7122
0.635995;3376;8448;-7842;-7066
0.636995;3310;8492;-7898;-7008
0.637995;3250;8540;-7946;-6952
0.638995;3182;8580;-8004;-6898
0.639995;3118;8622;-8056;-6844
0.640995;3046;8664;-8108;-6790
0.641995;2982;8708;-8158;-6736
0.642995;2916;8750;-8210;-6676
0.643995;2850;8790;-8260;-6618
0.644995;2784;8832;-8314;-6560
0.645995;2716;8874;-8366;-6502
0.646995;2648;8912;-8414;-6448
0.647995;2578;8950;-8468;-6392
0.648995;2516;8990;-8514;-6336
0.649995;2444;9026;-8564;-6272
0.650995;2380;9064;-8612;-6216
0.651995;2314;9098;-8658;-6154
0.652995;2246;9134;-8710;-6096
0.653995;2180;9172;-8760;-6038
0.654995;2112;9208;-8804;-5978
0.655995;2042;9244;-8852;-5912
0.656995;1982;9276;-8896;-5858
0.657995;1908;9310;-8946;-5798
0.658995;1840;9338;-8990;-5740
0.659995;1770;9370;-9034;-5678
0.660995;1700;9402;-9086;-5614
0.661995;1634;9434;-9126;-5550
0.662995;1566;9466;-9172;-5484
0.663995;1498;9498;-9212;-5422
0.664995;1428;9530;-9260;-5358
0.665995;1360;9558;-9298;-5290
0.666995;1290;9584;-9344;-5230
0.667995;1220;9614;-9386;-5174
0.668995;1150;9644;-9426;-5110
0.669995;1086;9670;-9472;-5042
0.670995;1014;9696;-9510;-4980
0.671995;950;9724;-9550;-4910
0.672995;878;9752;-9590;-4844
0.673995;806;9774;-9634;-4778
0.674995;738;9804;-9674;-4710
0.675995;668;9830;-9710;-4642
0.676995;596;9854;-9750;-4578
0.677995;530;9880;-9786;-4514
0.678995;460;9902;-9826;-4450
0.679995;390;9922;-9858;-4384
0.680995;322;9952;-9902;-4318
0.681995;254;9966;-9934;-4250
0.682995;182;9990;-9966;-4184
0.683995;114;10010;-10010;-4114
0.684995;44;10030;-10044;-4046
0.685995;-22;10052;-10078;-3972
0.686995;-92;10068;-10112;-3908
0.687995;-162;10092;-10146;-3840
0.688995;-228;10106;-10182;-3774
0.689995;-296;10130;-10216;-3708
0.690995;-366;10146;-10246;-3632
0.691995;-434;10162;-10280;-3560
0.692995;-508;10178;-10314;-3492
0.693995;-574;10196;-10344;-3414
0.694995;-646;10210;-10370;-3346
0.695995;-712;10226;-10404;-3276
0.696995;-784;10238;-10436;-3202
0.697995;-852;10252;-10462;-3132
0.698995;-918;10272;-10492;-3066
0.699995;-990;10282;-10524;-2998
0.700995;-1058;10294;-10548;-2922
0.701995;-1124;10310;-10578;-2850
0.702995;-1194;10318;-10604;-2778
0.703995;-1266;10332;-10632;-2704
0.704994;-1334;10340;-10662;-2630
0.705994;-1402;10352;-10688;-2560
0.706994;-1464;10358;-10712;-2486
0.707994;-1536;10372;-10740;-2412
0.708994;-1608;10380;-10764;-2336
0.709994;-1674;10394;-10790;-2264
0.710994;-1740;10398;-10814;-2190
0.711994;-1806;10410;-10836;-2114
0.712994;-1870;10416;-10858;-2040
0.713994;-1942;10422;-10880;-1968
0.714994;-2010;10428;-10904;-1892
0.715994;-2074;10436;-10928;-1820
0.716994;-2138;10446;-10950;-1748
0.717994;-2210;10452;-10968;-1678
0.718994;-2274;10456;-10986;-1608
0.719994;-2346;10458;-11010;-1536
0.720994;-2410;10468;-11030;-1460
0.721994;-2482;10470;-11048;-1380
0.722994;-2548;10470;-11068;-1308
0.723994;-2614;10478;-11090;-1232
0.724994;-2678;10480;-11106;-1154
0.725994;-2744;10482;-11124;-1076
0.726994;-2812;10486;-11134;-1004
0.727994;-2876;10486;-11152;-932
0.728994;-2940;10490;-11168;-864
0.729994;-3008;10486;-11182;-788
0.730994;-3074;10488;-11204;-710
0.731994;-3136;10494;-11212;-636
0.732994;-3202;10494;-11228;-560
0.733994;-3260;10496;-11242;-486
0.734994;-3324;10496;-11256;-406
0.735994;-3390;10494;-11266;-330
0.736994;-3450;10496;-11280;-250
0.737994;-3518;10496;-11288;-172
0.738994;-3578;10498;-11304;-100
0.739994;-3640;10496;-11314;-22
0.740994;-3702;10492;-11324;50
0.741994;-3768;10494;-11332;130
0.742994;-3826;10490;-11346;212
0.743994;-3886;10492;-11354;288
0.744994;-3954;10486;-11360;364
0.745994;-4010;10484;-11366;444
0.746994;-4078;10480;-11374;520
0.747994;-4134;10478;-11380;600
0.748994;-4196;10474;-11388;676
0.749994;-4258;10468;-11394;754
0.750994;-4320;10466;-11400;832
0.751994;-4380;10460;-11406;912
0.752994;-4442;10456;-11412;988
0.753994;-4500;10450;-11416;1066
0.754994;-4560;10444;-11422;1144
0.755994;-4622;10436;-11420;1220
0.756994;-4680;10426;-11424;1298
0.757994;-4740;10420;-11428;1372
0.758994;-4802;10414;-11434;1448
0.759994;-4858;10404;-11428;1522
0.760994;-4914;10398;-11428;1604
0.761994;-4974;10386;-11434;1682
0.762994;-5036;10378;-11434;1758
0.763994;-5096;10370;-11428;1830
0.764994;-5156;10354;-11430;1908
0.765994;-5214;10348;-11426;1988
0.766994;-5274;10338;-11426;2056
0.767994;-5332;10324;-11422;2136
0.768994;-5390;10314;-11424;2218
0.769994;-5446;10296;-11416;2292
0.770994;-5506;10284;-11414;2372
0.771994;-5566;10276;-11412;2452
0.772994;-5620;10260;-11404;2532
0.773994;-5678;10252;-11404;2602
0.774994;-5734;10236;-11392;2676
0.775994;-5792;10216;-11386;2758
0.776994;-5852;10204;-11378;2838
0.777994;-5910;10192;-11376;2916
0.778994;-5966;10176;-11362;2992
0.779994;-6024;10160;-11356;3070
0.780994;-6080;10144;-11350;3148
0.781994;-6138;10130;-11342;3226
0.782993;-6192;10114;-11332;3296
0.783993;-6248;10098;-11320;3368
0.784993;-6302;10076;-11310;3444
0.785993;-6358;10062;-11298;3524
0.786993;-6416;10042;-11284;3596
0.787993;-6468;10024;-11276;3674
0.788993;-6524;10006;-11264;3754
0.789993;-6576;9986;-11244;3832
0.790993;-6636;9968;-11234;3906
0.791993;-6682;9950;-11226;3986
0.792993;-6740;9930;-11208;4062
0.793993;-6794;9914;-11194;4134
0.794993;-6848;9890;-11178;4214
0.795993;-6902;9866;-11162;4286
0.796993;-6956;9844;-11150;4364
0.797993;-7010;9826;-11130;4442
0.798993;-7062;9802;-11114;4518
0.799993;-7120;9782;-11094;4596
0.800993;-7170;9758;-11080;4672
0.801993;-7226;9734;-11058;4748
0.802993;-7284;9714;-11040;4818
0.803993;-7330;9686;-11020;4884
0.804993;-7382;9664;-11000;4960
0.805993;-7432;9638;-10980;5040
0.806993;-7482;9620;-10960;5114
0.807993;-7538;9594;-10938;5192
0.808993;-7590;9572;-10918;5266
0.809993;-7636;9550;-10898;5342
0.810993;-7692;9524;-10870;5416
0.811993;-7738;9502;-10850;5488
0.812993;-7790;9474;-10828;5566
0.813993;-7840;9450;-10806;5634
0.814993;-7892;9426;-10778;5710
0.815993;-7942;9398;-10752;5782
0.816993;-7994;9370;-10726;5852
0.817993;-8040;9346;-10700;5922
0.818993;-8092;9312;-10676;6000
0.819993;-8142;9286;-10650;6070
0.820993;-8190;9256;-10622;6140
0.821993;-8238;9234;-10592;6212
0.822993;-8288;9206;-10566;6282
0.823993;-8336;9176;-10538;6348
0.824993;-8384;9148;-10510;6420
0.825993;-8426;9120;-10480;6494
0.826993;-8476;9088;-10448;6570
0.827993;-8528;9062;-10420;6644
0.828993;-8570;9032;-10390;6716
0.829993;-8618;8998;-10358;6788
0.830993;-8664;8970;-10330;6862
0.831993;-8708;8940;-10294;6932
0.832993;-8754;8908;-10268;7002
0.833993;-8802;8878;-10232;7066
0.834993;-8848;8844;-10198;7140
0.835993;-8892;8816;-10168;7208
0.836993;-8936;8790;-10126;7282
0.837993;-8980;8754;-10096;7352
0.838993;-9024;8722;-10062;7424
0.839993;-9066;8688;-10026;7492
0.840993;-9112;8656;-9990;7560
0.841993;-9154;8626;-9952;7634
0.842993;-9200;8592;-9916;7692
0.843993;-9244;8556;-9878;7752
0.844993;-9288;8528;-9840;7826
0.845993;-9330;8492;-9804;7890
0.846993;-9374;8458;-9764;7958
0.847993;-9414;8422;-9726;8026
0.848993;-9458;8388;-9686;8088
0.849993;-9500;8352;-9648;8156
0.850993;-9538;8324;-9608;8230
0.851993;-9580;8288;-9570;8294
0.852993;-9622;8252;-9534;8360
0.853993;-9662;8218;-9492;8422
0.854993;-9702;8182;-9450;8486
0.855993;-9742;8146;-9406;8554
0.856993;-9784;8106;-9366;8614
0.857993;-9820;8074;-9320;8680
0.858993;-9858;8034;-9276;8746
0.859993;-9898;8000;-9234;8810
0.860992;-9938;7964;-9192;8874
0.861992;-9978;7930;-9152;8942
0.862992;-10014;7894;-9108;9004
0.863992;-10056;7854;-9060;9066
0.864992;-10094;7818;-9016;9132
0.865992;-10130;7778;-8968;9192
0.866992;-10166;7744;-8924;9256
0.867992;-10206;7706;-8882;9318
0.868992;-10244;7668;-8832;9376
0.869992;-10278;7630;-8786;9434
0.870992;-10316;7592;-8740;9494
0.871992;-10352;7552;-8690;9558
0.872992;-10388;7516;-8644;9618
0.873992;-10420;7478;-8594;9680
0.874992;-10460;7438;-8542;9738
0.875992;-10494;7402;-8494;9792
0.876992;-10522;7362;-8450;9856
0.877992;-10556;7324;-8398;9916
0.878992;-10592;7280;-8342;9972
0.879992;-10628;7240;-8294;10028
0.880992;-10664;7196;-8242;10086
0.881992;-10696;7162;-8190;10144
0.882992;-10726;7122;-8144;10198
0.883992;-10758;7082;-8094;10260
0.884992;-10792;7046;-8038;10312
0.885992;-10822;7000;-7990;10366
0.886992;-10854;6964;-7934;10422
0.887992;-10890;6924;-7878;10474
0.888992;-10922;6886;-7824;10532
0.889992;-10950;6844;-7770;10588
0.890992;-10984;6802;-7714;10642
0.891992;-11016;6764;-7658;10694
0.892992;-11044;6724;-7602;10746
0.893992;-11072;6682;-7550;10796
0.894992;-11104;6644;-7496;10848
0.895992;-11136;6600;-7438;10904
0.896992;-11162;6558;-7380;10952
0.897992;-11190;6520;-7328;11006
0.898992;-11218;6476;-7268;11058
0.899992;-11246;6436;-7216;11110
0.900992;-11278;6398;-7160;11160
0.901992;-11300;6348;-7102;11204
0.902992;-11330;6310;-7042;11250
0.903992;-11358;6270;-6986;11298
0.904992;-11382;6226;-6928;11348
0.905992;-11410;6186;-6864;11390
0.906992;-11436;6136;-6806;11444
0.907992;-11468;6104;-6744;11490
0.908992;-11494;6060;-6688;11544
0.909992;-11522;6016;-6632;11590
0.910992;-11542;5976;-6570;11636
0.911992;-11568;5932;-6508;11684
0.912992;-11594;5888;-6448;11732
0.913992;-11618;5848;-6386;11778
0.914992;-11642;5806;-6326;11820
0.915992;-11668;5762;-6258;11864
0.916992;-11690;5716;-6196;11908
0.917992;-11718;5674;-6134;11950
0.918992;-11738;5632;-6070;11998
0.919992;-11762;5588;-6010;12042
0.920992;-11784;5544;-5946;12084
0.921992;-11806;5504;-5876;12128
0.922992;-11826;5454;-5816;12170
0.923992;-11852;5414;-5756;12210
0.924992;-11874;5374;-5690;12252
0.925992;-11894;5328;-5620;12288
0.926992;-11914;5286;-5560;12326
0.927992;-11940;5244;-5498;12366
0.928992;-11960;5198;-5430;12412
0.929992;-11980;5158;-5370;12450
0.930992;-12000;5112;-5306;12492
0.931992;-12020;5066;-5236;12530
0.932992;-12038;5024;-5176;12562
0.933992;-12058;4980;-5110;12600
0.934992;-12074;4940;-5044;12634
0.935992;-12102;4888;-4976;12670
0.936992;-12118;4848;-4904;12706
0.937991;-12138;4802;-4836;12744
0.938991;-12154;4760;-4764;12778
0.939991;-12172;4712;-4694;12814
0.940991;-12190;4668;-4628;12848
0.941991;-12206;4626;-4560;12882
0.942991;-12224;4582;-4492;12918
0.943991;-12240;4536;-4420;12948
0.944991;-12254;4486;-4354;12982
0.945991;-12272;4448;-4288;13018
0.946991;-12288;4402;-4224;13048
0.947991;-12300;4358;-4152;13078
0.948991;-12318;4312;-4078;13106
0.949991;-12332;4268;-4014;13138
0.950991;-12346;4224;-3946;13168
0.951991;-12364;4180;-3870;13198
0.952991;-12380;4138;-3802;13226
0.953991;-12392;4090;-3742;13258
0.954991;-12408;4048;-3668;13280
0.955991;-12418;4002;-3594;13310
0.956991;-12434;3958;-3522;13332
0.957991;-12444;3914;-3448;13358
0.958991;-12460;3868;-3378;13388
0.959991;-12472;3824;-3308;13410
0.960991;-12484;3780;-3236;13436
0.961991;-12494;3736;-3164;13462
0.962991;-12512;3690;-3098;13484
0.963991;-12520;3646;-3028;13510
0.964991;-12528;3600;-2958;13534
0.965991;-12544;3554;-2882;13558
0.966991;-12556;3508;-2808;13576
0.967991;-12566;3462;-2732;13604
0.968991;-12574;3422;-2658;13624
0.969991;-12586;3374;-2588;13646
0.970991;-12594;3328;-2516;13664
0.971991;-12606;3284;-2446;13684
0.972991;-12614;3238;-2378;13708
0.973991;-12628;3194;-2308;13724
0.974991;-12634;3148;-2234;13742
0.975991;-12646;3104;-2158;13762
0.976991;-12652;3060;-2084;13780
0.977991;-12660;3012;-2020;13798
0.978991;-12666;2970;-1942;13814
0.979991;-12676;2930;-1872;13832
0.980991;-12684;2882;-1796;13846
0.981991;-12692;2842;-1718;13862
0.982991;-12700;2794;-1638;13880
0.983991;-12704;2748;-1570;13896
0.984991;-12714;2706;-1492;13906
0.985991;-12716;2660;-1420;13920
0.986991;-12724;2612;-1346;13932
0.987991;-12724;2568;-1266;13944
0.988991;-12730;2524;-1196;13958
0.989991;-12738;2478;-1126;13966
0.990991;-12740;2436;-1050;13976
0.991991;-12744;2388;-974;13988
0.992991;-12748;2344;-894;14000
0.993991;-12758;2266;-776;14018
0.994991;-12760;2250;-756;14018
0.995991;-12766;2208;-680;14026
0.996991;-12770;2164;-598;14036
0.997991;-12772;2120;-530;14042
0.998991;-12778;2070;-448;14048
